id,year,team,average_age,runs_per_game,wins,losses,win_loss_percentage,ERA,run_average_9,games,games_started,games_finished,complete_game,shutouts,saves,innings_pitched,hits,runs,earned_runs,home_runs,walks,intentional_walks,strikeouts,hit_batter,balks,wild_pitches,batters_faced,WHIP,hits_9,homeruns_9,walks_9,strikeouts_9,strikeout_walk
1,2021,LG Twins,26.3,3.9,72,57,0.558,3.57,3.96,143,143,143,0,18,32,1264.1,1117,557,501,79,542,17,1062,97,5,43,5416,1.312,8,0.6,3.9,7.6,1.96
2,2021,KT Wiz,28.4,4.06,75,59,0.56,3.67,4.17,143,143,141,2,6,33,1255,1166,581,512,85,486,18,1051,42,1,56,5359,1.316,8.4,0.6,3.5,7.5,2.16
3,2021,Doosan Bears,27.5,4.57,70,65,0.519,4.28,4.66,143,143,141,2,10,27,1260.1,1288,653,599,104,586,16,1037,73,7,51,5596,1.487,9.2,0.7,4.2,7.4,1.77
4,2021,Samsung Lions,28.8,4.57,75,59,0.56,4.29,4.7,143,143,141,2,14,46,1250,1287,653,596,129,526,13,1031,51,3,56,5496,1.45,9.3,0.9,3.8,7.4,1.96
5,2021,NC Dinos,27.7,4.8,67,67,0.5,4.5,4.95,143,143,140,3,10,33,1247.2,1256,686,624,122,585,14,1046,77,8,74,5575,1.476,9.1,0.9,4.2,7.5,1.79
6,2021,Kiwoom Heroes,25.8,4.89,69,67,0.507,4.33,5.02,143,143,142,1,7,30,1254.1,1276,699,604,100,566,27,893,80,4,58,5568,1.469,9.2,0.7,4.1,6.4,1.58
7,2021,SSG Landers,27.3,5.13,66,63,0.512,4.8,5.2,143,143,143,0,5,25,1267.2,1283,733,676,147,623,27,1006,78,9,40,5661,1.504,9.1,1,4.4,7.1,1.61
8,2021,Hanwha Eagles,27,5.13,49,82,0.374,4.67,5.29,143,143,142,1,6,21,1249.2,1200,734,648,114,669,22,1006,101,11,56,5633,1.496,8.6,0.8,4.8,7.2,1.5
9,2021,Kia Tigers,25.3,5.22,58,75,0.436,4.89,5.33,143,143,142,1,6,36,1260,1274,746,684,133,616,5,946,104,9,58,5658,1.5,9.1,1,4.4,6.8,1.54
10,2021,Lotte Giants,27.1,5.64,64,71,0.474,5.39,5.75,143,143,142,1,12,36,1262,1330,806,756,132,653,19,1047,86,5,102,5722,1.571,9.5,0.9,4.7,7.5,1.6
11,2020,Kiwoom Heroes,26.4,4.81,80,63,0.559,4.39,4.86,144,144,144,0,6,42,1280.1,1336,692,624,126,446,16,950,73,7,51,5556,1.392,9.4,0.9,3.1,6.7,2.13
12,2020,LG Twins,27.4,4.82,79,61,0.564,4.37,4.83,144,144,142,2,13,29,1292.2,1344,694,627,123,493,12,1019,86,4,49,5655,1.421,9.4,0.9,3.4,7.1,2.07
13,2020,Doosan Bears,26.7,4.83,79,61,0.564,4.31,4.87,144,144,143,1,13,23,1285.2,1395,695,616,109,478,22,1046,61,4,52,5681,1.457,9.8,0.8,3.3,7.3,2.19
14,2020,NC Dinos,27.5,4.96,83,55,0.601,4.58,4.96,144,144,144,0,7,31,1296.2,1292,714,660,153,547,10,1049,79,7,65,5690,1.418,9,1.1,3.8,7.3,1.92
15,2020,KT Wiz,27.5,4.97,81,62,0.566,4.54,4.99,144,144,144,0,5,33,1290.1,1357,715,651,118,523,20,848,59,1,75,5680,1.457,9.5,0.8,3.6,5.9,1.62
16,2020,Lotte Giants,28.8,5,71,72,0.497,4.64,5.07,144,144,143,1,16,25,1277.1,1351,720,659,143,447,25,1002,58,4,62,5583,1.408,9.5,1,3.1,7.1,2.24
17,2020,Samsung Lions,27.6,5.17,64,75,0.46,4.78,5.27,144,144,141,3,11,25,1272.1,1330,745,676,151,542,16,931,67,5,55,5634,1.471,9.4,1.1,3.8,6.6,1.72
18,2020,Kia Tigers,27.3,5.52,73,71,0.507,5.13,5.63,144,144,143,1,5,33,1270,1399,795,724,120,559,8,1038,70,4,78,5681,1.542,9.9,0.9,4,7.4,1.86
19,2020,Hanwha Eagles,27.2,5.69,46,95,0.326,5.28,5.83,144,144,143,1,6,21,1265,1400,820,742,158,609,22,1019,79,5,76,5756,1.588,10,1.1,4.3,7.2,1.67
20,2020,SK Wyverns,27.4,5.88,51,92,0.357,5.57,6.05,144,144,143,1,3,20,1259.1,1343,846,780,162,670,12,953,84,5,85,5727,1.598,9.6,1.2,4.8,6.8,1.42
21,2019,SK Wyverns,28.8,3.79,88,55,0.615,3.48,3.8,144,144,144,0,19,51,1292.1,1240,546,500,99,436,12,1092,50,4,50,5463,1.297,8.6,0.7,3,7.6,2.5
22,2019,Doosan Bears,28.8,3.82,88,55,0.615,3.51,3.86,144,144,141,3,10,44,1283.2,1259,550,500,78,380,22,860,70,5,48,5434,1.277,8.8,0.5,2.7,6,2.26
23,2019,Kiwoom Heroes,26.5,3.97,86,57,0.601,3.61,4.03,144,144,142,2,12,39,1279,1293,572,513,61,371,3,984,58,6,45,5427,1.301,9.1,0.4,2.6,6.9,2.65
24,2019,NC Dinos,27.2,4.38,73,69,0.514,4.01,4.42,144,144,139,5,8,32,1284.1,1285,631,572,103,483,10,991,92,2,68,5578,1.377,9,0.7,3.4,6.9,2.05
25,2019,LG Twins,27.6,4.4,79,64,0.552,3.86,4.44,144,144,143,1,9,43,1283.1,1257,633,551,89,499,15,953,91,1,64,5555,1.368,8.8,0.6,3.5,6.7,1.91
26,2019,KT Wiz,25.5,4.59,71,71,0.5,4.29,4.66,144,144,142,2,10,37,1277,1303,661,608,118,481,17,848,61,6,50,5533,1.397,9.2,0.8,3.4,6,1.76
27,2019,Kia Tigers,26.2,5.02,62,80,0.437,4.65,5.15,144,144,141,3,11,30,1264,1362,723,653,101,504,17,976,76,2,51,5614,1.476,9.7,0.7,3.6,6.9,1.94
28,2019,Samsung Lions,28.6,5.08,60,83,0.42,4.64,5.16,144,144,140,4,8,29,1275.1,1332,731,658,125,523,9,924,70,5,49,5638,1.455,9.4,0.9,3.7,6.5,1.77
29,2019,Hanwha Eagles,27.3,5.12,58,86,0.403,4.8,5.23,144,144,142,2,8,28,1268.2,1407,737,677,120,526,9,934,72,4,66,5656,1.524,10,0.9,3.7,6.6,1.78
30,2019,Lotte Giants,28.8,5.31,48,93,0.34,4.83,5.41,144,144,143,1,8,16,1271,1407,764,682,120,546,33,1033,71,4,103,5729,1.537,10,0.8,3.9,7.3,1.89
31,2018,SK Wyverns,29.2,5.06,78,65,0.545,4.67,5.15,144,144,144,0,7,29,1274.2,1353,729,662,189,425,15,1130,74,2,62,5563,1.395,9.6,1.3,3,8,2.66
32,2018,Doosan Bears,27.7,5.25,93,51,0.646,4.98,5.28,144,144,143,1,9,41,1288.2,1401,756,713,154,476,17,1025,109,2,72,5700,1.457,9.8,1.1,3.3,7.2,2.15
33,2018,Hanwha Eagles,27.7,5.28,77,67,0.535,4.93,5.38,144,144,144,0,5,37,1274,1394,761,698,164,472,9,1124,89,7,78,5637,1.465,9.8,1.2,3.3,7.9,2.38
34,2018,Nexen Heroes,27.1,5.42,75,69,0.521,5.08,5.48,144,144,140,4,2,32,1282,1442,780,723,178,416,13,1021,98,4,59,5646,1.449,10.1,1.2,2.9,7.2,2.45
35,2018,Samsung Lions,28.7,5.57,68,72,0.486,5.19,5.62,144,144,144,0,5,33,1285.1,1477,802,741,185,441,10,1114,107,5,45,5740,1.492,10.3,1.3,3.1,7.8,2.53
36,2018,LG Twins,27.7,5.67,68,75,0.476,5.29,5.79,144,144,141,3,7,29,1268.2,1434,816,746,159,453,13,1058,89,4,72,5677,1.487,10.2,1.1,3.2,7.5,2.34
37,2018,Kia Tigers,28.1,5.74,70,74,0.486,5.4,5.85,144,144,140,4,5,26,1270.2,1511,826,763,181,445,28,1017,69,3,65,5708,1.539,10.7,1.3,3.2,7.2,2.29
38,2018,KT Wiz,27.9,5.79,59,82,0.418,5.34,5.89,144,144,140,4,5,24,1274.1,1580,834,756,194,409,25,1025,84,1,63,5743,1.561,11.2,1.4,2.9,7.2,2.51
39,2018,NC Dinos,26.4,5.86,58,85,0.406,5.48,6.01,144,144,143,1,4,24,1264,1443,844,769,186,537,17,1010,68,6,92,5701,1.566,10.3,1.3,3.8,7.2,1.88
40,2018,Lotte Giants,30.4,5.88,68,74,0.479,5.37,5.93,144,144,144,0,6,29,1283.2,1410,846,766,166,548,23,1164,73,7,65,5788,1.525,9.9,1.2,3.8,8.2,2.12
41,2017,LG Twins,28.7,4.7,69,72,0.489,4.3,4.76,144,144,140,4,6,32,1279,1305,677,611,124,379,31,1040,102,3,81,5507,1.317,9.2,0.9,2.7,7.3,2.74
42,2017,Doosan Bears,29.4,4.71,84,57,0.596,4.38,4.74,144,144,141,3,9,35,1288,1405,678,627,125,464,11,956,87,4,54,5682,1.451,9.8,0.9,3.2,6.7,2.06
43,2017,Lotte Giants,28.9,4.87,80,62,0.563,4.56,4.9,144,144,143,1,10,39,1287.1,1357,701,652,162,477,25,1096,79,7,67,5634,1.425,9.5,1.1,3.3,7.7,2.3
44,2017,Kia Tigers,28.1,5.16,87,56,0.608,4.79,5.18,144,144,139,5,5,33,1290,1518,743,687,137,434,22,985,77,4,69,5748,1.513,10.6,1,3,6.9,2.27
45,2017,NC Dinos,27.1,5.17,79,62,0.56,4.71,5.22,144,144,143,1,10,32,1284.2,1342,745,673,169,470,12,1097,93,3,93,5640,1.41,9.4,1.2,3.3,7.7,2.33
46,2017,Nexen Heroes,27.7,5.31,69,73,0.486,5.03,5.41,144,144,142,2,5,40,1271,1488,764,710,149,388,10,1005,97,3,56,5663,1.476,10.5,1.1,2.7,7.1,2.59
47,2017,SK Wyverns,29,5.33,75,68,0.524,5.02,5.43,144,144,142,2,4,30,1270.2,1443,767,709,154,481,35,940,105,7,61,5692,1.514,10.2,1.1,3.4,6.7,1.95
48,2017,Hanwha Eagles,31.2,5.69,61,81,0.43,5.28,5.8,144,144,143,1,5,31,1273,1474,820,747,166,446,13,914,100,4,77,5698,1.508,10.4,1.2,3.2,6.5,2.05
49,2017,KT Wiz,25.5,6.08,50,94,0.347,5.75,6.28,144,144,140,4,7,22,1256,1524,876,803,174,433,11,913,95,6,77,5702,1.558,10.9,1.2,3.1,6.5,2.11
50,2017,Samsung Lions,28.5,6.33,55,84,0.396,5.88,6.4,144,144,143,1,3,27,1281.1,1541,911,837,187,548,15,1063,118,4,74,5916,1.63,10.8,1.3,3.8,7.5,1.94
51,2016,Doosan Bears,29.1,4.74,93,50,0.65,4.45,4.77,144,144,142,2,7,36,1287.2,1385,682,636,136,498,7,982,77,4,66,5658,1.462,9.7,1,3.5,6.9,1.97
52,2016,NC Dinos,26.2,4.79,83,58,0.589,4.48,4.83,144,144,144,0,10,36,1286.1,1314,690,640,137,516,2,1147,86,7,84,5643,1.423,9.2,1,3.6,8,2.22
53,2016,Nexen Heroes,27.6,5.26,77,66,0.538,4.96,5.32,144,144,144,0,4,38,1280.1,1487,757,705,152,435,3,895,68,3,50,5684,1.501,10.5,1.1,3.1,6.3,2.06
54,2016,SK Wyverns,28.5,5.44,69,75,0.479,4.87,5.54,144,144,143,1,5,31,1274,1386,784,689,151,527,18,945,76,7,65,5659,1.502,9.8,1.1,3.7,6.7,1.79
55,2016,Kia Tigers,28.1,5.45,70,73,0.49,4.97,5.54,144,144,137,7,5,38,1276,1456,785,705,131,561,18,965,59,7,69,5771,1.581,10.3,0.9,4,6.8,1.72
56,2016,LG Twins,28.9,5.6,71,71,0.5,5.04,5.64,144,144,142,2,5,34,1287.2,1426,807,721,122,539,27,909,109,1,84,5782,1.526,10,0.9,3.8,6.4,1.69
57,2016,Lotte Giants,28.4,6.01,66,78,0.458,5.63,6.15,144,144,142,2,5,27,1266.1,1486,865,792,161,585,27,1009,78,5,82,5785,1.635,10.6,1.1,4.2,7.2,1.72
58,2016,Samsung Lions,28.8,6.03,65,78,0.455,5.64,6.1,144,144,142,2,4,34,1282.1,1507,869,804,193,518,6,935,87,8,52,5799,1.579,10.6,1.4,3.6,6.6,1.81
59,2016,Hanwha Eagles,30.5,6.31,66,75,0.468,5.76,6.32,144,144,143,1,2,24,1292.2,1520,908,827,155,634,23,976,76,6,72,5937,1.666,10.6,1.1,4.4,6.8,1.54
60,2016,KT Wiz,25.4,6.44,53,89,0.373,5.92,6.55,144,144,143,1,2,27,1273,1593,927,838,145,560,9,980,84,9,77,5896,1.691,11.3,1,4,6.9,1.75
61,2015,NC Dinos,27.9,4.55,84,57,0.596,4.26,4.61,144,144,143,1,11,37,1279.1,1283,655,605,149,436,13,1057,113,3,60,5536,1.344,9,1,3.1,7.4,2.42
62,2015,Samsung Lions,30.3,4.97,88,56,0.611,4.69,5.05,144,144,140,4,7,34,1275.1,1323,716,665,182,423,11,1194,64,2,44,5523,1.369,9.3,1.3,3,8.4,2.82
63,2015,LG Twins,28.9,5.01,64,78,0.451,4.62,5.07,144,144,141,3,5,25,1279.2,1352,721,657,125,490,30,1063,98,3,82,5599,1.439,9.5,0.9,3.4,7.5,2.17
64,2015,SK Wyverns,28.3,5.03,69,73,0.486,4.71,5.09,144,144,141,3,7,31,1280.2,1358,724,670,153,517,31,1149,70,4,71,5646,1.464,9.5,1.1,3.6,8.1,2.22
65,2015,Kia Tigers,28.4,5.13,67,77,0.465,4.79,5.22,144,144,143,1,10,32,1273,1371,739,678,143,572,22,979,98,4,80,5673,1.526,9.7,1,4,6.9,1.71
66,2015,Doosan Bears,27.9,5.39,79,65,0.549,5.02,5.43,144,144,141,3,10,30,1286,1385,776,718,138,584,15,1064,77,11,72,5762,1.531,9.7,1,4.1,7.4,1.82
67,2015,Nexen Heroes,27.5,5.49,78,65,0.545,4.91,5.53,144,144,143,1,7,29,1286,1404,790,701,146,518,8,1066,81,4,85,5709,1.495,9.8,1,3.6,7.5,2.06
68,2015,Hanwha Eagles,30.4,5.56,68,76,0.472,5.11,5.63,144,144,139,5,7,32,1279.2,1349,800,727,157,648,38,920,96,9,85,5771,1.561,9.5,1.1,4.6,6.5,1.42
69,2015,Lotte Giants,30.3,5.57,66,77,0.462,5.07,5.63,144,144,141,3,5,19,1281.1,1461,802,722,164,489,26,1015,87,3,89,5724,1.522,10.3,1.2,3.4,7.1,2.08
70,2015,KT Wiz,25.9,6.08,52,91,0.364,5.56,6.22,144,144,141,3,3,16,1266.2,1518,875,782,154,577,17,1046,87,4,86,5799,1.654,10.8,1.1,4.1,7.4,1.81
71,2014,NC Dinos,27.5,4.75,70,57,0.551,4.29,4.82,128,128,125,3,4,31,1135.2,1174,608,541,117,481,8,848,73,5,50,5003,1.457,9.3,0.9,3.8,6.7,1.76
72,2014,Samsung Lions,30.2,4.85,78,47,0.624,4.52,4.89,128,128,125,3,6,35,1144,1217,621,575,120,395,11,996,61,3,51,4990,1.409,9.6,0.9,3.1,7.8,2.52
73,2014,LG Twins,29.1,5.02,62,64,0.492,4.58,5.06,128,128,126,2,9,35,1142.2,1211,643,581,104,419,25,810,95,1,51,5028,1.426,9.5,0.8,3.3,6.4,1.93
74,2014,Nexen Heroes,27.9,5.59,78,48,0.619,5.25,5.69,128,128,128,0,3,35,1131.2,1299,716,660,142,516,2,901,61,4,55,5107,1.604,10.3,1.1,4.1,7.2,1.75
75,2014,Lotte Giants,32.4,5.62,58,69,0.457,5.19,5.71,128,128,128,0,4,28,1133.1,1310,719,654,127,471,13,781,52,1,54,5092,1.571,10.4,1,3.7,6.2,1.66
76,2014,Doosan Bears,28.2,5.73,59,68,0.465,5.43,5.87,128,128,124,4,2,19,1123.2,1311,733,678,121,450,4,840,58,4,56,5066,1.567,10.5,1,3.6,6.7,1.87
77,2014,SK Wyverns,28.9,5.94,61,65,0.484,5.51,6.06,128,128,126,2,3,26,1129.1,1271,760,692,153,522,19,837,68,1,67,5112,1.588,10.1,1.2,4.2,6.7,1.6
78,2014,Kia Tigers,28.9,6.16,54,74,0.422,5.82,6.32,128,128,126,2,5,26,1121.2,1289,788,725,116,561,8,896,67,1,78,5143,1.649,10.3,0.9,4.5,7.2,1.6
79,2014,Hanwha Eagles,27,6.95,49,77,0.389,6.35,7.09,128,128,126,2,3,26,1129,1451,889,796,162,537,14,748,81,3,83,5312,1.761,11.6,1.3,4.3,6,1.39
80,2013,LG Twins,29.8,3.98,74,54,0.578,3.72,4.05,128,128,124,4,9,42,1134.2,1131,510,469,74,406,27,822,87,2,46,4848,1.355,9,0.6,3.2,6.5,2.02
81,2013,Samsung Lions,28.5,4.26,75,51,0.595,3.98,4.28,128,128,126,2,5,31,1146.2,1119,545,507,98,411,12,955,60,4,44,4896,1.334,8.8,0.8,3.2,7.5,2.32
82,2013,NC Dinos,25.7,4.3,52,72,0.419,3.96,4.33,128,128,123,5,5,26,1144.1,1077,551,503,96,458,13,857,94,6,60,4919,1.341,8.5,0.8,3.6,6.7,1.87
83,2013,Lotte Giants,31.2,4.32,66,58,0.532,3.93,4.33,128,128,127,1,11,38,1149.1,1148,553,502,84,489,15,820,62,0,45,4986,1.424,9,0.7,3.8,6.4,1.68
84,2013,SK Wyverns,28.2,4.46,62,63,0.496,4.16,4.51,128,128,124,4,8,31,1139,1091,571,527,101,505,15,878,70,5,66,4932,1.401,8.6,0.8,4,6.9,1.74
85,2013,Nexen Heroes,29.6,4.5,72,54,0.571,4.12,4.52,128,128,128,0,7,50,1146.1,1160,576,525,75,503,8,860,84,3,52,4996,1.451,9.1,0.6,3.9,6.8,1.71
86,2013,Doosan Bears,28.5,4.88,71,54,0.568,4.57,4.89,128,128,127,1,8,30,1150.1,1183,625,584,84,514,10,848,76,6,55,5043,1.475,9.3,0.7,4,6.6,1.65
87,2013,Hanwha Eagles,26.8,5.55,42,85,0.331,5.31,5.67,128,128,126,2,2,22,1129,1195,711,666,98,532,17,822,95,8,89,5073,1.53,9.5,0.8,4.2,6.6,1.55
88,2013,Kia Tigers,28,5.55,51,74,0.408,5.12,5.6,128,128,126,2,3,32,1142.1,1307,711,650,88,532,12,923,76,6,73,5200,1.61,10.3,0.7,4.2,7.3,1.74
89,2012,Samsung Lions,29,3.56,80,51,0.611,3.39,3.58,133,133,130,3,13,39,1187.2,1085,473,448,65,384,14,885,37,5,46,4941,1.237,8.2,0.5,2.9,6.7,2.3
90,2012,Lotte Giants,29.9,3.89,65,62,0.512,3.48,3.92,133,133,130,3,9,39,1190.1,1145,518,460,74,469,20,825,53,1,65,5070,1.356,8.7,0.6,3.5,6.2,1.76
91,2012,Doosan Bears,28.3,3.9,68,62,0.523,3.58,3.91,133,133,124,9,12,38,1193.1,1053,519,475,66,491,17,802,57,4,57,5012,1.294,7.9,0.5,3.7,6,1.63
92,2012,SK Wyverns,28.7,3.97,71,59,0.546,3.82,4.02,133,133,133,0,10,40,1181.1,1114,528,502,90,457,26,814,70,7,35,5007,1.33,8.5,0.7,3.5,6.2,1.78
93,2012,Nexen Heroes,28,4.14,61,69,0.469,3.83,4.18,133,133,130,3,6,36,1187.1,1131,551,505,80,535,9,853,74,0,62,5116,1.403,8.6,0.6,4.1,6.5,1.59
94,2012,Kia Tigers,27.8,4.24,62,65,0.488,3.9,4.29,133,133,122,11,15,27,1183.2,1161,564,513,69,452,13,822,68,6,56,5101,1.363,8.8,0.5,3.4,6.3,1.82
95,2012,LG Twins,28.1,4.36,57,72,0.442,4.02,4.34,133,133,132,1,11,35,1202,1235,580,537,65,422,23,735,71,6,57,5188,1.379,9.2,0.5,3.2,5.5,1.74
96,2012,Hanwha Eagles,28,4.86,53,77,0.408,4.55,4.97,133,133,130,3,6,29,1172.1,1148,647,593,106,488,18,936,68,3,82,5092,1.396,8.8,0.8,3.7,7.2,1.92
97,2011,Samsung Lions,28,3.86,79,50,0.612,3.35,3.86,133,133,132,1,12,48,1196.1,1191,513,445,92,395,8,841,38,5,40,5077,1.326,9,0.7,3,6.3,2.13
98,2011,SK Wyverns,28.9,3.92,71,59,0.546,3.59,3.94,133,133,132,1,9,37,1192.1,1001,522,476,93,541,24,1006,65,3,64,5032,1.293,7.6,0.7,4.1,7.6,1.86
99,2011,Kia Tigers,27.5,4.36,70,63,0.526,4.1,4.49,133,133,126,7,10,29,1163.2,1117,580,530,87,457,14,920,76,6,51,4991,1.353,8.6,0.7,3.5,7.1,2.01
100,2011,Lotte Giants,28,4.65,72,56,0.563,4.2,4.69,133,133,130,3,6,27,1187,1256,619,554,113,430,19,787,58,4,62,5114,1.42,9.5,0.9,3.3,6,1.83
101,2011,Doosan Bears,27.9,4.65,61,70,0.466,4.26,4.69,133,133,129,4,7,34,1188.2,1231,619,563,96,476,19,855,75,6,70,5170,1.436,9.3,0.7,3.6,6.5,1.8
102,2011,LG Twins,26.4,4.66,59,72,0.45,4.15,4.67,133,133,131,2,11,30,1193.2,1173,620,550,80,512,20,827,71,6,52,5209,1.412,8.8,0.6,3.9,6.2,1.62
103,2011,Nexen Heroes,27.3,4.68,51,80,0.389,4.36,4.78,133,133,133,0,10,30,1171.1,1167,622,568,81,601,16,830,76,1,73,5195,1.509,9,0.6,4.6,6.4,1.38
104,2011,Hanwha Eagles,25.4,5.47,59,72,0.45,5.11,5.57,133,133,129,4,6,26,1175,1273,727,667,128,524,10,938,55,2,91,5280,1.529,9.8,1,4,7.2,1.79
105,2010,SK Wyverns,28.7,4.1,84,47,0.641,3.71,4.09,133,133,131,2,11,36,1198.1,1074,545,494,117,543,27,1091,47,2,80,5114,1.349,8.1,0.9,4.1,8.2,2.01
106,2010,Samsung Lions,27.2,4.32,79,52,0.603,3.94,4.34,133,133,131,2,7,33,1193.2,1168,575,523,103,453,11,951,54,3,61,5119,1.358,8.8,0.8,3.4,7.2,2.1
107,2010,Kia Tigers,27.6,4.82,59,74,0.444,4.39,4.87,133,133,129,4,7,25,1183.2,1227,641,577,93,468,19,885,81,4,53,5205,1.432,9.3,0.7,3.6,6.7,1.89
108,2010,Nexen Heroes,26.5,4.9,52,78,0.4,4.55,4.95,133,133,132,1,2,27,1185.2,1162,652,599,122,614,17,832,95,3,66,5231,1.498,8.8,0.9,4.7,6.3,1.36
109,2010,Doosan Bears,26.1,5.03,73,57,0.562,4.62,5.1,133,133,131,2,7,30,1179.2,1190,669,606,135,437,6,888,85,2,58,5131,1.379,9.1,1,3.3,6.8,2.03
110,2010,Lotte Giants,26.4,5.34,69,61,0.531,4.82,5.35,133,133,126,7,6,21,1194,1291,710,640,149,419,41,779,78,3,49,5204,1.432,9.7,1.1,3.2,5.9,1.86
111,2010,LG Twins,29.1,5.61,57,71,0.445,5.23,5.65,133,133,130,3,8,31,1188,1279,746,690,125,560,23,793,104,6,74,5326,1.548,9.7,0.9,4.2,6,1.42
112,2010,Hanwha Eagles,26.1,5.74,49,82,0.374,5.43,5.87,133,133,127,6,6,24,1169.1,1290,763,705,146,551,17,806,72,5,65,5267,1.574,9.9,1.1,4.2,6.2,1.46
113,2009,SK Wyverns,27.6,4.14,80,47,0.63,3.67,4.08,133,133,131,2,4,33,1213,1141,550,494,130,519,34,1032,54,3,68,5203,1.369,8.5,1,3.9,7.7,1.99
114,2009,Kia Tigers,27,4.37,81,48,0.628,3.92,4.36,133,133,129,4,10,38,1199,1178,581,522,108,441,22,893,83,2,22,5176,1.35,8.8,0.8,3.3,6.7,2.02
115,2009,Doosan Bears,24.8,4.98,71,60,0.542,4.6,5.02,133,133,132,1,6,32,1186.1,1221,662,607,120,515,7,862,75,3,55,5205,1.463,9.3,0.9,3.9,6.5,1.67
116,2009,Lotte Giants,27.6,5.03,66,67,0.496,4.75,5.18,133,133,127,6,13,40,1162.1,1290,669,613,139,487,35,722,67,3,49,5165,1.529,10,1.1,3.8,5.6,1.48
117,2009,Samsung Lions,25.9,5.26,64,69,0.481,4.98,5.41,133,133,130,3,2,32,1163.2,1226,700,644,141,609,9,905,56,1,67,5209,1.577,9.5,1.1,4.7,7,1.49
118,2009,Woori Heroes,26.3,5.73,60,72,0.455,5.4,5.84,133,133,133,0,5,29,1174.1,1231,762,705,176,565,19,840,61,5,51,5221,1.529,9.4,1.3,4.3,6.4,1.49
119,2009,LG Twins,27.6,5.74,54,75,0.419,5.42,5.84,133,133,133,0,3,25,1175,1316,763,707,165,585,10,777,91,1,56,5339,1.618,10.1,1.3,4.5,6,1.33
120,2009,Hanwha Eagles,26.7,6.05,46,84,0.354,5.7,6.17,133,133,129,4,2,16,1174,1335,805,743,176,569,28,908,77,5,56,5346,1.622,10.2,1.3,4.4,7,1.6
121,2008,SK Wyverns,28.2,3.66,83,43,0.659,3.22,3.6,126,126,125,1,10,43,1151,1053,461,412,78,448,13,801,55,2,35,4855,1.304,8.2,0.6,3.5,6.3,1.79
122,2008,Lotte Giants,28.5,4.11,69,57,0.548,3.64,4.17,126,126,117,9,5,27,1119,1134,518,453,70,409,32,671,47,2,42,4769,1.379,9.1,0.6,3.3,5.4,1.64
123,2008,Doosan Bears,26.2,4.3,70,56,0.556,3.89,4.3,126,126,126,0,8,26,1134.2,1115,542,490,78,379,13,780,69,5,45,4857,1.317,8.8,0.6,3,6.2,2.06
124,2008,Kia Tigers,25.7,4.4,57,69,0.452,4.08,4.44,126,126,123,3,9,29,1124,1078,555,510,65,473,9,733,77,5,52,4850,1.38,8.6,0.5,3.8,5.9,1.55
125,2008,Hanwha Eagles,28.8,4.72,64,62,0.508,4.43,4.74,126,126,123,3,5,36,1129.2,1136,595,556,95,519,28,723,49,4,37,4911,1.465,9.1,0.8,4.1,5.8,1.39
126,2008,Samsung Lions,28.2,4.73,65,61,0.516,4.4,4.78,126,126,126,0,6,40,1123.1,1184,596,549,87,416,4,703,43,4,49,4867,1.424,9.5,0.7,3.3,5.6,1.69
127,2008,Woori Heroes,27,4.83,50,76,0.397,4.43,4.87,126,126,122,4,10,29,1125.1,1159,609,554,91,465,20,729,70,2,46,4933,1.443,9.3,0.7,3.7,5.8,1.57
128,2008,LG Twins,27,5.13,46,80,0.365,4.85,5.25,126,126,125,1,9,25,1108.1,1239,646,597,82,480,4,631,72,3,46,4976,1.551,10.1,0.7,3.9,5.1,1.31
129,2007,SK Wyverns,28.9,3.69,73,48,0.603,3.24,3.67,126,126,125,1,10,36,1139.1,1079,465,410,77,445,27,650,67,1,28,4852,1.338,8.5,0.6,3.5,5.1,1.46
130,2007,Doosan Bears,26.3,3.81,70,54,0.565,3.44,3.82,126,126,120,6,14,30,1131.1,1067,480,432,74,399,24,721,75,4,43,4814,1.296,8.5,0.6,3.2,5.7,1.81
131,2007,Hanwha Eagles,29.1,3.82,67,57,0.54,3.54,3.87,126,126,117,9,5,39,1119,1084,481,440,84,451,24,741,53,4,38,4781,1.372,8.7,0.7,3.6,6,1.64
132,2007,Samsung Lions,27.5,4.04,62,60,0.508,3.71,4.05,126,126,126,0,11,41,1131.2,1091,509,466,90,400,7,719,58,5,35,4824,1.318,8.7,0.7,3.2,5.7,1.8
133,2007,Lotte Giants,28.7,4.4,55,68,0.447,4.12,4.45,126,126,124,2,9,22,1120.2,1164,554,513,93,414,40,704,69,4,46,4871,1.408,9.3,0.7,3.3,5.7,1.7
134,2007,LG Twins,28.7,4.76,58,62,0.483,4.33,4.75,126,126,124,2,9,34,1135.2,1181,600,547,63,514,21,630,52,2,48,5014,1.493,9.4,0.5,4.1,5,1.23
135,2007,Kia Tigers,23.8,4.78,51,74,0.408,4.49,4.88,126,126,124,2,6,26,1109.2,1109,602,554,103,526,28,670,97,7,60,4933,1.473,9,0.8,4.3,5.4,1.27
136,2007,Hyundai Unicorns,26.8,4.88,56,69,0.448,4.41,4.91,126,126,125,1,2,27,1127,1104,615,552,119,466,20,796,48,4,32,4906,1.393,8.8,1,3.7,6.4,1.71
137,2006,Kia Tigers,24,3.58,64,59,0.52,3.33,3.63,126,126,124,2,9,35,1118.1,998,451,414,73,442,17,735,78,2,44,4725,1.288,8,0.6,3.6,5.9,1.66
138,2006,Hyundai Unicorns,27.1,3.71,70,55,0.56,3.41,3.77,126,126,124,2,15,41,1114.2,1053,467,422,69,394,0,816,71,0,39,4771,1.298,8.5,0.6,3.2,6.6,2.07
139,2006,Doosan Bears,26.4,3.71,63,60,0.512,3.36,3.77,126,126,119,7,10,39,1115.2,968,467,416,69,424,13,834,69,1,55,4690,1.248,7.8,0.6,3.4,6.7,1.97
140,2006,Samsung Lions,27.4,3.74,73,50,0.593,3.33,3.79,126,126,125,1,15,49,1118,1030,471,414,100,365,9,781,63,7,21,4699,1.248,8.3,0.8,2.9,6.3,2.14
141,2006,Hanwha Eagles,30.2,3.77,67,57,0.54,3.35,3.81,126,126,115,11,14,41,1121.1,1077,475,418,94,373,17,760,49,2,37,4731,1.293,8.6,0.8,3,6.1,2.04
142,2006,SK Wyverns,26.2,4.25,60,65,0.48,3.8,4.28,126,126,126,0,6,33,1124,1071,535,475,85,446,24,701,83,2,26,4819,1.35,8.6,0.7,3.6,5.6,1.57
143,2006,Lotte Giants,27.7,4.29,50,73,0.407,3.86,4.35,126,126,121,5,9,28,1118.2,1128,541,480,83,410,30,637,60,1,30,4822,1.375,9.1,0.7,3.3,5.1,1.55
144,2006,LG Twins,26.9,4.56,47,75,0.385,4.22,4.65,126,126,123,3,10,29,1110,1144,574,521,87,439,23,625,60,3,41,4834,1.426,9.3,0.7,3.6,5.1,1.42
145,2005,Doosan Bears,24.7,3.69,72,51,0.585,3.42,3.72,126,126,124,2,14,33,1125,1038,465,427,90,440,13,818,77,2,56,4774,1.314,8.3,0.7,3.5,6.5,1.86
146,2005,SK Wyverns,26.6,3.85,70,50,0.583,3.41,3.84,126,126,124,2,10,27,1137,1005,485,431,103,422,14,843,99,1,31,4822,1.255,8,0.8,3.3,6.7,2
147,2005,Samsung Lions,26.8,4.19,74,48,0.607,3.83,4.21,126,126,124,2,7,37,1129.1,1026,528,480,109,387,11,875,79,5,49,4791,1.251,8.2,0.9,3.1,7,2.26
148,2005,Lotte Giants,27.3,4.55,58,67,0.464,4.3,4.6,126,126,124,2,6,33,1120.1,1097,573,535,91,408,41,817,89,1,44,4845,1.343,8.8,0.7,3.3,6.6,2
149,2005,Hanwha Eagles,29.3,4.79,64,61,0.512,4.41,4.88,126,126,124,2,6,36,1111,1193,603,545,111,389,9,662,88,2,35,4870,1.424,9.7,0.9,3.2,5.4,1.7
150,2005,Hyundai Unicorns,26.1,5.13,53,70,0.431,4.68,5.22,126,126,124,2,9,28,1115.2,1175,647,580,125,422,2,803,80,3,43,4930,1.431,9.5,1,3.4,6.5,1.9
151,2005,Kia Tigers,25.5,5.23,49,76,0.392,4.81,5.37,126,126,118,8,5,24,1105,1166,659,591,138,510,16,786,119,3,59,4975,1.517,9.5,1.1,4.2,6.4,1.54
152,2005,LG Twins,27.2,5.29,54,71,0.432,4.9,5.44,126,126,123,3,7,31,1102.1,1212,666,600,109,480,27,781,80,5,48,4969,1.535,9.9,0.9,3.9,6.4,1.63
153,2004,Doosan Bears,26.3,4.21,70,62,0.53,3.88,4.28,133,133,129,4,12,38,1177.2,1144,560,508,95,457,18,799,75,3,49,5056,1.359,8.7,0.7,3.5,6.1,1.75
154,2004,Samsung Lions,25.6,4.24,73,52,0.584,3.76,4.24,133,133,129,4,9,42,1196.1,1092,564,500,118,505,17,994,85,6,43,5138,1.335,8.2,0.9,3.8,7.5,1.97
155,2004,Hyundai Unicorns,27.2,4.44,75,53,0.586,4.06,4.47,133,133,130,3,8,36,1187,1193,590,535,123,440,0,842,59,4,41,5135,1.376,9,0.9,3.3,6.4,1.91
156,2004,Lotte Giants,27.8,4.57,50,72,0.41,4.22,4.6,133,133,129,4,8,29,1190.1,1216,608,558,109,449,41,753,76,3,43,5160,1.399,9.2,0.8,3.4,5.7,1.68
157,2004,LG Twins,26.4,4.79,59,70,0.457,4.31,4.92,133,133,130,3,6,35,1164.1,1235,637,557,116,543,31,783,64,1,55,5180,1.527,9.5,0.9,4.2,6.1,1.44
158,2004,Kia Tigers,28.2,4.79,67,61,0.523,4.51,4.85,133,133,128,5,9,27,1183,1198,637,593,119,496,13,773,120,1,48,5199,1.432,9.1,0.9,3.8,5.9,1.56
159,2004,SK Wyverns,25.8,4.84,61,64,0.488,4.4,4.89,133,133,130,3,6,29,1186.1,1173,644,580,116,538,18,891,110,8,57,5216,1.442,8.9,0.9,4.1,6.8,1.66
160,2004,Hanwha Eagles,27.3,5.64,53,74,0.417,5.21,5.72,133,133,130,3,0,37,1180.2,1290,750,683,170,455,18,699,92,2,47,5267,1.478,9.8,1.3,3.5,5.3,1.54
161,2003,Kia Tigers,26.9,3.96,78,50,0.609,3.62,4.03,133,133,121,12,10,36,1178,1092,527,474,137,414,12,820,101,1,42,4999,1.278,8.3,1,3.2,6.3,1.98
162,2003,LG Twins,25.7,4.35,60,71,0.458,3.98,4.46,133,133,131,2,10,37,1169.2,1201,579,517,120,531,27,794,60,2,49,5166,1.481,9.2,0.9,4.1,6.1,1.5
163,2003,Samsung Lions,25.7,4.61,76,53,0.589,4.37,4.66,133,133,131,2,5,30,1183,1199,613,574,133,494,15,808,59,3,46,5150,1.431,9.1,1,3.8,6.1,1.64
164,2003,Hanwha Eagles,29,4.64,63,65,0.492,4.37,4.66,133,133,129,4,8,35,1192,1184,617,579,142,437,14,772,68,9,53,5165,1.36,8.9,1.1,3.3,5.8,1.77
165,2003,Doosan Bears,27.3,4.65,57,74,0.435,4.24,4.74,133,133,126,7,7,30,1175.2,1194,619,554,105,464,22,654,79,3,37,5144,1.41,9.1,0.8,3.6,5,1.41
166,2003,Hyundai Unicorns,27.1,4.71,80,51,0.611,4.13,4.74,133,133,131,2,4,39,1190,1245,627,546,120,457,6,840,62,2,56,5197,1.43,9.4,0.9,3.5,6.4,1.84
167,2003,SK Wyverns,25.8,4.83,66,64,0.508,4.44,4.89,133,133,130,3,10,43,1181.1,1190,642,583,135,497,19,759,83,2,42,5158,1.428,9.1,1,3.8,5.8,1.53
168,2003,Lotte Giants,27.1,5.33,39,91,0.3,5.01,5.48,133,133,130,3,4,22,1164.1,1302,709,648,171,435,16,647,93,3,36,5173,1.492,10.1,1.3,3.4,5,1.49
169,2002,Doosan Bears,27.2,4.23,66,65,0.504,3.93,4.28,133,133,130,3,6,38,1183,1139,562,517,99,479,30,954,60,2,44,5087,1.368,8.7,0.8,3.6,7.3,1.99
170,2002,LG Twins,28.1,4.32,66,61,0.52,3.93,4.35,133,133,131,2,9,32,1190.2,1119,575,520,135,501,30,896,100,5,40,5145,1.361,8.5,1,3.8,6.8,1.79
171,2002,Kia Tigers,28.3,4.36,78,51,0.605,3.92,4.37,133,133,123,10,7,38,1195,1185,580,520,151,370,14,862,97,2,55,5106,1.301,8.9,1.1,2.8,6.5,2.33
172,2002,Samsung Lions,26.3,4.37,82,47,0.636,3.92,4.37,133,133,131,2,8,37,1197.2,1182,581,521,148,385,16,987,74,3,45,5089,1.308,8.9,1.1,2.9,7.4,2.56
173,2002,Hyundai Unicorns,25.2,4.62,70,58,0.547,4.23,4.66,133,133,130,3,6,38,1186.1,1219,614,558,142,416,12,890,64,5,54,5131,1.378,9.2,1.1,3.2,6.8,2.14
174,2002,SK Wyverns,26,4.8,61,69,0.469,4.47,4.87,133,133,128,5,7,25,1179,1150,638,586,176,402,34,948,78,3,34,5074,1.316,8.8,1.3,3.1,7.2,2.36
175,2002,Hanwha Eagles,30.3,5.05,59,69,0.461,4.79,5.11,133,133,125,8,5,32,1184.2,1254,672,631,146,392,29,953,102,4,42,5198,1.389,9.5,1.1,3,7.2,2.43
176,2002,Lotte Giants,26.4,5.34,35,97,0.265,4.72,5.47,133,133,128,5,7,13,1168,1269,710,612,130,443,16,775,83,1,40,5156,1.466,9.8,1,3.4,6,1.75
177,2001,Hyundai Unicorns,25.4,4.72,72,57,0.558,4.34,4.78,133,133,127,6,3,39,1183.1,1250,628,570,98,531,8,757,54,1,54,5218,1.505,9.5,0.7,4,5.8,1.43
178,2001,SK Wyverns,27.9,4.81,60,71,0.458,4.38,4.92,133,133,122,11,8,33,1171.1,1148,640,570,155,508,31,908,65,1,54,5110,1.414,8.8,1.2,3.9,7,1.79
179,2001,Samsung Lions,26,4.84,81,52,0.609,4.39,4.88,133,133,126,7,6,43,1187.1,1195,644,579,132,561,20,844,61,8,38,5243,1.479,9.1,1,4.3,6.4,1.5
180,2001,Lotte Giants,26.5,5.04,59,70,0.457,4.68,5.15,133,133,133,0,3,33,1171.2,1238,670,609,128,523,23,790,61,2,53,5189,1.503,9.5,1,4,6.1,1.51
181,2001,Kia Tigers,27.8,5.47,60,68,0.469,5.01,5.55,133,133,123,10,6,28,1178.2,1231,727,656,160,499,17,743,79,3,51,5207,1.468,9.4,1.2,3.8,5.7,1.49
182,2001,LG Twins,27.6,5.5,58,67,0.464,5.09,5.56,133,133,133,0,3,26,1184.2,1253,732,670,127,647,43,765,69,6,52,5380,1.604,9.5,1,4.9,5.8,1.18
183,2001,Hanwha Eagles,28.7,5.51,61,68,0.473,4.82,5.57,133,133,126,7,5,25,1185,1288,733,634,142,541,44,813,66,5,57,5331,1.543,9.8,1.1,4.1,6.2,1.5
184,2001,Doosan Bears,27.5,5.51,65,63,0.508,4.96,5.59,133,133,132,1,3,35,1180.1,1290,733,650,128,546,17,799,60,0,47,5282,1.555,9.8,1,4.2,6.1,1.46
185,2000,Hyundai Unicorns,26.2,3.97,91,40,0.695,3.64,4,133,,,5,2,51,1189.1,1111,528,481,95,451,,997,34,,,5014,1.313,8.4,0.7,3.4,7.5,2.21
186,2000,Lotte Giants,25.8,3.98,59,58,0.504,4.03,4.39,133,,,6,1,33,1085.1,1029,529,486,116,397,,839,53,,,4612,1.314,8.5,1,3.3,7,2.11
187,2000,Doosan Bears,26.1,4.29,72,51,0.585,4.1,4.61,133,,,3,1,52,1111.2,1116,570,507,98,487,,808,56,,,4866,1.442,9,0.8,3.9,6.5,1.66
188,2000,LG Twins,26.8,4.74,67,63,0.515,4.45,4.79,133,,,7,1,33,1185.2,1197,631,586,113,449,,886,61,,,5127,1.388,9.1,0.9,3.4,6.7,1.97
189,2000,Samsung Lions,25.6,5.04,69,59,0.539,4.64,5.09,133,,,6,2,34,1184.1,1233,670,610,130,524,,880,77,,,5229,1.484,9.4,1,4,6.7,1.68
190,2000,Haitai Tigers,26.4,5.16,50,68,0.424,5.07,5.61,133,,,9,1,26,1101,1180,686,620,167,458,,818,88,,,4933,1.488,9.6,1.4,3.7,6.7,1.79
191,2000,Hanwha Eagles,27.4,5.83,50,78,0.391,5.24,5.91,133,,,7,2,31,1182.2,1248,776,689,189,527,,805,83,,,5296,1.501,9.5,1.4,4,6.1,1.53
192,2000,SK Wyverns,28.7,6.17,44,83,0.346,5.87,6.42,133,,,1,0,21,1149.2,1357,820,750,188,513,,707,71,,,5261,1.627,10.6,1.5,4,5.5,1.38
193,1999,Lotte Giants,26.5,4.47,75,52,0.591,4.18,4.51,132,,,15,2,34,1177.9,1125,590,547,146,431,,852,54,,,5002,1.321,8.6,1.1,3.3,6.5,1.98
194,1999,Doosan Bears,24.5,4.73,74,48,0.607,4.6,5,132,,,4,1,40,1124.1,1139,625,575,125,478,,790,70,,,4904,1.438,9.1,1,3.8,6.3,1.65
195,1999,Hyundai Unicorns,26.4,4.89,68,59,0.535,4.47,4.92,132,,,10,1,25,1181.1,1268,646,587,141,473,,910,60,,,5188,1.474,9.7,1.1,3.6,6.9,1.92
196,1999,Hanwha Eagles,28.3,4.96,70,56,0.556,4.82,5.31,132,,,13,3,42,1109.1,1133,655,594,165,392,,841,54,,,4823,1.375,9.2,1.3,3.2,6.8,2.15
197,1999,Haitai Tigers,26.5,5.27,54,61,0.47,5.41,5.93,132,,,3,1,20,1055.2,1155,695,635,170,404,,703,97,,,4702,1.477,9.8,1.4,3.4,6,1.74
198,1999,Samsung Lions,24.1,5.27,70,53,0.569,5.03,5.5,132,,,4,1,40,1136.2,1212,695,635,145,468,,904,57,,,5041,1.478,9.6,1.1,3.7,7.2,1.93
199,1999,LG Twins,28.7,5.86,61,70,0.466,5.49,5.99,132,,,2,1,40,1161.1,1301,773,708,157,511,,813,78,,,5236,1.56,10.1,1.2,4,6.3,1.59
200,1999,Ssangbangwool Raiders,27.4,6.23,28,96,0.226,5.85,6.39,132,,,6,1,14,1160,1336,823,754,187,481,,660,103,,,5258,1.566,10.4,1.5,3.7,5.1,1.37
201,1998,Hyundai Unicorns,27.8,3.29,77,43,0.642,2.97,3.53,126,,,11,6,32,1056.9,910,415,349,91,402,,835,30,,,4412,1.241,7.7,0.8,3.4,7.1,2.08
202,1998,OB Bears,25.3,3.86,60,61,0.496,3.58,4.04,126,,,15,6,28,1083.1,1022,486,431,85,402,,747,52,,,4584,1.314,8.5,0.7,3.3,6.2,1.86
203,1998,Haitai Tigers,25.5,4.21,61,64,0.488,3.91,4.31,126,,,6,3,39,1108.1,1064,531,481,121,351,,870,76,,,4678,1.277,8.6,1,2.9,7.1,2.48
204,1998,Ssangbangwool Raiders,26.7,4.24,54,60,0.474,4.07,4.66,126,,,5,1,22,1031.2,1067,534,466,98,334,,596,78,,,4436,1.358,9.3,0.9,2.9,5.2,1.78
205,1998,Hanwha Eagles,26.9,4.59,55,66,0.455,4.26,4.65,126,,,8,2,30,1118.8,1105,578,529,114,405,,840,40,,,4783,1.35,8.9,0.9,3.3,6.8,2.07
206,1998,LG Twins,28.7,4.62,61,62,0.496,4.22,4.75,126,,,3,1,31,1102.2,1120,582,517,109,342,,677,78,,,4735,1.326,9.1,0.9,2.8,5.5,1.98
207,1998,Samsung Lions,25.9,4.63,66,58,0.532,4.32,4.66,126,,,10,0,26,1128.1,1120,584,541,133,477,,723,69,,,4894,1.416,8.9,1.1,3.8,5.8,1.52
208,1998,Lotte Giants,24.9,5.08,50,72,0.41,4.6,5.22,126,,,20,4,17,1104.1,1134,640,564,115,375,,689,73,,,4763,1.367,9.2,0.9,3.1,5.6,1.84
209,1997,Ssangbangwool Raiders,25.6,3.98,69,52,0.57,3.79,4.19,126,,,6,1,41,1079.2,1041,502,455,89,362,,671,84,,,4576,1.3,8.7,0.7,3,5.6,1.85
210,1997,Haitai Tigers,25.6,4.02,75,50,0.6,3.62,4.04,126,,,11,4,38,1127.1,983,506,454,108,387,,793,89,,,4703,1.215,7.8,0.9,3.1,6.3,2.05
211,1997,LG Twins,27.7,4.06,73,51,0.589,3.78,4.11,126,,,4,1,45,1121.1,1045,512,471,101,369,,708,74,,,4713,1.261,8.4,0.8,3,5.7,1.92
212,1997,Hanwha Eagles,25.2,4.35,51,73,0.411,4.02,4.44,126,,,20,7,29,1112.1,1016,548,497,128,410,,789,50,,,4663,1.282,8.2,1,3.3,6.4,1.92
213,1997,OB Bears,24.9,4.37,57,64,0.471,3.84,4.42,126,,,8,2,36,1123,1090,551,479,67,453,,784,67,,,4835,1.374,8.7,0.5,3.6,6.3,1.73
214,1997,Hyundai Unicorns,26.9,4.62,51,71,0.418,4.21,4.73,126,,,9,1,37,1108.1,1050,582,519,123,423,,755,57,,,4734,1.329,8.5,1,3.4,6.1,1.78
215,1997,Samsung Lions,25.5,4.75,66,53,0.555,4.19,4.77,126,,,9,2,38,1127.8,1098,598,525,97,490,,677,94,,,4891,1.408,8.8,0.8,3.9,5.4,1.38
216,1997,Lotte Giants,24.5,4.95,48,77,0.384,4.61,5.05,126,,,9,0,25,1111.9,1159,624,569,116,463,,638,47,,,4842,1.459,9.4,0.9,3.7,5.2,1.38
217,1996,Haitai Tigers,25.9,3.5,73,51,0.589,3.14,3.5,126,,,22,8,25,1133.8,945,441,396,98,373,,805,66,,,4618,1.163,7.5,0.8,3,6.4,2.16
218,1996,Hyundai Unicorns,25.8,3.6,67,54,0.554,3.04,3.58,126,,,7,3,36,1140.2,974,454,385,76,378,,749,54,,,4707,1.185,7.7,0.6,3,5.9,1.98
219,1996,Ssangbangwool Raiders,25.5,3.65,70,54,0.565,3.33,3.68,126,,,15,9,36,1125.5,1030,460,416,64,420,,744,93,,,4761,1.288,8.2,0.5,3.4,5.9,1.77
220,1996,OB Bears,24.9,4.13,47,73,0.392,3.69,4.18,126,,,15,6,23,1119.2,1044,520,459,81,441,,666,58,,,4759,1.326,8.4,0.7,3.5,5.4,1.51
221,1996,Hanwha Eagles,25.9,4.25,70,55,0.56,3.8,4.23,126,,,21,7,31,1137.1,1030,535,480,100,352,,951,56,,,4759,1.215,8.2,0.8,2.8,7.5,2.7
222,1996,Lotte Giants,24.7,4.6,57,63,0.475,4.16,4.66,126,,,22,2,17,1120.8,1127,580,518,93,397,,684,55,,,4786,1.36,9.1,0.7,3.2,5.5,1.72
223,1996,Samsung Lions,24.7,4.61,54,67,0.446,4.23,4.68,126,,,11,2,29,1117.1,1085,581,525,88,527,,654,102,,,4901,1.443,8.7,0.7,4.2,5.3,1.24
224,1996,LG Twins,29,4.68,50,71,0.413,4.11,4.72,126,,,7,1,29,1124.1,1107,590,514,86,419,,651,89,,,4847,1.357,8.9,0.7,3.4,5.2,1.55
225,1995,Haitai Tigers,27.1,3.44,64,58,0.525,3.06,3.46,126,,,15,4,40,1127.2,953,434,383,79,354,,872,75,,,4620,1.159,7.6,0.6,2.8,7,2.46
226,1995,LG Twins,28.9,3.62,74,48,0.607,3.21,3.66,126,,,22,5,40,1122.1,996,456,400,62,322,,607,58,,,4637,1.174,8,0.5,2.6,4.9,1.89
227,1995,Lotte Giants,24.5,3.91,68,53,0.562,3.47,3.9,126,,,19,5,28,1137.1,1049,493,439,83,328,,642,53,,,4658,1.211,8.3,0.7,2.6,5.1,1.96
228,1995,OB Bears,25.4,3.97,74,47,0.612,3.42,3.92,126,,,22,8,35,1148.1,1031,500,437,68,399,,701,56,,,4800,1.245,8.1,0.5,3.1,5.5,1.76
229,1995,Samsung Lions,23.9,4.23,59,59,0.5,3.89,4.47,126,,,18,5,28,1074.1,973,533,464,76,432,,659,89,,,4619,1.308,8.2,0.6,3.6,5.5,1.53
230,1995,Pacific Dolphins,24.3,4.35,48,73,0.397,3.92,4.44,126,,,21,5,24,1112,1109,548,484,84,383,,690,47,,,4754,1.342,9,0.7,3.1,5.6,1.8
231,1995,Hanwha Eagles,25.7,4.49,55,71,0.437,4.04,4.55,126,,,36,8,24,1119,1091,566,502,102,411,,793,55,,,4812,1.342,8.8,0.8,3.3,6.4,1.93
232,1995,Ssangbangwool Raiders,25.2,5.02,45,77,0.369,4.68,5.17,126,,,21,5,21,1102.5,1128,633,573,124,473,,621,79,,,4833,1.452,9.2,1,3.9,5.1,1.31
233,1994,LG Twins,27.4,3.59,81,45,0.643,3.14,3.63,126,,,24,9,46,1120.1,1007,452,391,68,332,,581,60,,,4605,1.196,8.1,0.5,2.7,4.7,1.75
234,1994,Pacific Dolphins,24.4,3.74,68,55,0.553,3.5,3.78,126,,,17,3,47,1121.1,1110,471,436,59,359,,645,44,,,4746,1.31,8.9,0.5,2.9,5.2,1.8
235,1994,Samsung Lions,23.4,3.81,58,59,0.496,3.45,4,126,,,26,6,20,1079,979,480,414,81,401,,638,52,,,4540,1.279,8.2,0.7,3.3,5.3,1.59
236,1994,OB Bears,25.2,4.02,53,72,0.424,3.46,4.12,126,,,28,9,18,1107.2,1042,507,426,56,404,,670,58,,,4676,1.305,8.5,0.5,3.3,5.4,1.66
237,1994,Haitai Tigers,26.3,4.04,65,59,0.524,3.6,4.09,126,,,28,6,24,1119.2,999,509,448,92,406,,737,73,,,4702,1.255,8,0.7,3.3,5.9,1.82
238,1994,Hanwha Eagles,25.7,4.05,65,59,0.524,3.52,4.08,126,,,22,5,29,1123.2,1036,510,440,95,361,,745,40,,,4716,1.243,8.3,0.8,2.9,6,2.06
239,1994,Lotte Giants,24,4.79,56,67,0.455,4.44,4.89,126,,,14,3,35,1112.1,1156,604,549,101,419,,590,44,,,4791,1.416,9.4,0.8,3.4,4.8,1.41
240,1994,Ssangbangwool Raiders,24.3,5.03,47,74,0.388,4.74,5.11,126,,,13,3,30,1115.8,1169,634,587,110,473,,634,74,,,4890,1.472,9.4,0.9,3.8,5.1,1.34
241,1993,OB Bears,25.2,3.21,66,55,0.545,2.89,3.23,126,,,27,9,27,1128.2,949,405,362,39,386,,684,49,,,4618,1.183,7.6,0.3,3.1,5.5,1.77
242,1993,Haitai Tigers,25.8,3.33,81,42,0.659,2.92,3.35,126,,,16,6,43,1129.2,935,420,367,76,372,,802,75,,,4630,1.157,7.5,0.6,3,6.4,2.16
243,1993,Samsung Lions,24.1,3.37,73,47,0.608,2.91,3.39,126,,,28,11,30,1129.1,979,425,365,70,456,,677,49,,,4691,1.271,7.8,0.6,3.6,5.4,1.48
244,1993,LG Twins,27,3.49,66,57,0.537,3.07,3.51,126,,,19,6,36,1126.2,1020,440,384,71,385,,655,64,,,4696,1.247,8.1,0.6,3.1,5.2,1.7
245,1993,Lotte Giants,24.3,3.67,62,63,0.496,3.33,3.71,126,,,44,14,17,1120.5,1088,462,415,57,348,,512,30,,,4669,1.281,8.7,0.5,2.8,4.1,1.47
246,1993,Binggre Eagles,25.5,3.96,61,62,0.496,3.5,3.96,126,,,33,5,26,1135.1,1047,499,441,86,371,,675,50,,,4757,1.249,8.3,0.7,2.9,5.4,1.82
247,1993,Pacific Dolphins,24.2,4.1,34,82,0.293,3.58,4.09,126,,,36,2,15,1134.2,1095,516,451,65,412,,635,39,,,4801,1.328,8.7,0.5,3.3,5,1.54
248,1993,Ssangbangwool Raiders,25.3,4.37,43,78,0.355,4,4.48,126,,,24,4,30,1106,1032,551,491,88,528,,654,62,,,4787,1.41,8.4,0.7,4.3,5.3,1.24
249,1992,Binggre Eagles,25.8,4.13,81,43,0.653,3.68,4.18,126,,,27,7,35,1120,1024,520,458,108,415,,653,52,,,4747,1.285,8.2,0.9,3.3,5.2,1.57
250,1992,Haitai Tigers,25.2,4.53,71,54,0.568,4.21,4.65,126,,,25,7,28,1105.1,1101,571,517,118,405,,679,69,,,4767,1.362,9,1,3.3,5.5,1.68
251,1992,Lotte Giants,23.9,4.61,71,55,0.563,4.28,4.7,126,,,39,6,17,1113.2,1152,581,529,99,410,,581,37,,,4778,1.403,9.3,0.8,3.3,4.7,1.42
252,1992,OB Bears,26.7,4.62,56,66,0.459,4.21,4.65,126,,,30,4,21,1127.2,1105,582,527,96,493,,595,61,,,4878,1.418,8.8,0.8,3.9,4.8,1.21
253,1992,Pacific Dolphins,24.2,4.83,56,67,0.455,4.48,4.93,126,,,26,2,25,1111.1,1128,609,553,125,509,,653,45,,,4848,1.473,9.1,1,4.1,5.3,1.28
254,1992,LG Twins,25.7,4.89,53,70,0.431,4.29,4.9,126,,,22,5,20,1130.2,1171,616,539,83,487,,648,65,,,4967,1.466,9.3,0.7,3.9,5.2,1.33
255,1992,Samsung Lions,23.7,5.05,67,57,0.54,4.55,5.08,126,,,23,6,25,1125.2,1085,636,569,102,636,,640,52,,,4984,1.529,8.7,0.8,5.1,5.1,1.01
256,1992,Ssangbangwool Raiders,24.3,5.44,41,84,0.328,4.85,5.66,126,,,14,4,17,1091.1,1106,686,588,140,516,,600,65,,,4828,1.486,9.1,1.2,4.3,4.9,1.16
257,1991,Haitai Tigers,25,3.25,79,42,0.653,2.89,3.26,126,,,34,10,28,1130.2,925,409,363,73,325,,777,53,,,4546,1.106,7.4,0.6,2.6,6.2,2.39
258,1991,Binggre Eagles,25.8,3.91,72,49,0.595,3.28,3.93,126,,,30,5,28,1128,1014,493,411,75,420,,602,73,,,4754,1.271,8.1,0.6,3.4,4.8,1.43
259,1991,Lotte Giants,25.2,4.18,61,59,0.508,3.91,4.37,126,,,37,5,13,1085.1,1019,527,472,67,431,,612,51,,,4589,1.336,8.4,0.6,3.6,5.1,1.42
260,1991,Samsung Lions,26.3,4.6,70,55,0.56,4.23,4.62,126,,,14,4,38,1128.2,1131,579,531,108,484,,527,40,,,4860,1.431,9,0.9,3.9,4.2,1.09
261,1991,Pacific Dolphins,24.7,4.62,55,72,0.433,4.09,4.53,126,,,33,6,20,1156.2,1099,582,525,100,516,,627,43,,,4955,1.396,8.6,0.8,4,4.9,1.22
262,1991,OB Bears,25.4,4.71,51,73,0.411,4.21,4.75,126,,,28,6,11,1123.8,1093,593,526,82,506,,479,55,,,4850,1.423,8.8,0.7,4.1,3.8,0.95
263,1991,LG Twins,25.8,4.83,53,72,0.424,4.35,4.86,126,,,27,3,24,1124.9,1125,608,544,90,446,,622,70,,,4889,1.396,9,0.7,3.6,5,1.39
264,1991,Ssangbangwool Raiders,23.3,5.06,52,71,0.423,4.69,5.22,126,,,13,3,31,1099.2,1101,638,573,116,555,,551,64,,,4838,1.506,9,0.9,4.5,4.5,0.99
265,1990,LG Twins,26.9,3.81,71,49,0.592,3.38,3.8,120,,,19,5,33,1083,981,457,407,49,410,,549,61,,,4550,1.284,8.2,0.4,3.4,4.6,1.34
266,1990,Haitai Tigers,24.1,3.82,68,49,0.581,3.36,3.86,120,,,34,14,14,1067.2,903,458,399,75,412,,701,50,,,4435,1.232,7.6,0.6,3.5,5.9,1.7
267,1990,Binggre Eagles,25.4,4.01,68,50,0.576,3.4,4.07,120,,,6,1,40,1063.1,971,481,402,96,419,,557,37,,,4476,1.307,8.2,0.8,3.5,4.7,1.33
268,1990,Pacific Dolphins,25.4,4.37,58,60,0.492,3.71,4.29,120,,,25,7,27,1100.2,1066,524,453,59,473,,533,32,,,4714,1.399,8.7,0.5,3.9,4.4,1.13
269,1990,Samsung Lions,25.2,4.65,66,52,0.559,4.13,4.7,120,,,21,3,36,1069.1,1053,558,491,102,512,,475,53,,,4630,1.464,8.9,0.9,4.3,4,0.93
270,1990,Lotte Giants,25.4,4.77,44,70,0.386,4.42,4.93,120,,,19,6,20,1045.1,1035,572,513,82,435,,481,54,,,4505,1.407,8.9,0.7,3.7,4.1,1.11
271,1990,OB Bears,25.6,5.13,35,80,0.304,4.72,5.25,120,,,20,6,10,1055.5,1075,616,554,78,535,,467,58,,,4651,1.525,9.2,0.7,4.6,4,0.87
272,1989,Pacific Dolphins,24.7,3.67,62,54,0.534,3.03,3.63,120,,,35,6,19,1091.2,952,440,368,49,440,,589,40,,,4511,1.275,7.8,0.4,3.6,4.9,1.34
273,1989,Haitai Tigers,24.3,3.68,65,51,0.56,3.34,3.69,120,,,30,12,20,1078.2,928,442,400,63,400,,695,37,,,4479,1.231,7.7,0.5,3.3,5.8,1.74
274,1989,Binggre Eagles,24.5,3.97,71,46,0.607,3.47,3.98,120,,,26,6,26,1076.2,982,476,415,75,433,,537,43,,,4539,1.314,8.2,0.6,3.6,4.5,1.24
275,1989,OB Bears,25.8,4.01,54,63,0.462,3.69,4.04,120,,,17,7,20,1072.1,969,481,440,60,527,,543,32,,,4551,1.395,8.1,0.5,4.4,4.6,1.03
276,1989,Lotte Giants,24.6,4.35,48,67,0.417,3.91,4.37,120,,,37,5,11,1076.1,1072,522,467,68,390,,508,50,,,4569,1.359,9,0.6,3.3,4.2,1.3
277,1989,MBC Blue Dragons,26.2,4.84,49,67,0.422,4.28,4.89,120,,,8,0,30,1069.8,1139,581,509,61,455,,451,46,,,4693,1.49,9.6,0.5,3.8,3.8,0.99
278,1989,Samsung Lions,27.6,4.9,57,58,0.496,4.42,4.96,120,,,26,6,27,1067.2,1094,588,524,84,516,,470,44,,,4688,1.508,9.2,0.7,4.3,4,0.91
279,1988,Haitai Tigers,25.2,3.37,68,38,0.642,2.86,3.38,108,,,26,7,23,968.2,849,364,308,58,297,,501,37,,,3981,1.183,7.9,0.5,2.8,4.7,1.69
280,1988,Binggre Eagles,26,4.08,62,45,0.579,3.73,4.1,108,,,27,8,28,969.1,1015,441,402,72,298,,394,39,,,4091,1.355,9.4,0.7,2.8,3.7,1.32
281,1988,Lotte Giants,26.7,4.1,57,49,0.538,3.59,4.13,108,,,30,7,18,966.1,961,443,385,55,329,,476,31,,,4086,1.335,9,0.5,3.1,4.4,1.45
282,1988,OB Bears,28.3,4.14,54,52,0.509,3.73,4.15,108,,,17,5,19,969.1,933,447,402,69,381,,388,35,,,4105,1.356,8.7,0.6,3.5,3.6,1.02
283,1988,MBC Blue Dragons,26.2,4.55,40,64,0.385,3.96,4.6,108,,,36,4,14,961.1,1038,491,423,69,373,,347,46,,,4188,1.468,9.7,0.6,3.5,3.2,0.93
284,1988,Samsung Lions,27.6,4.56,56,50,0.528,4.18,4.58,108,,,22,9,21,967,953,492,449,80,403,,341,40,,,4151,1.402,8.9,0.7,3.8,3.2,0.85
285,1988,Pacific Dolphins,25.4,5.04,34,73,0.318,4.61,5.18,108,,,20,3,11,945,1020,544,484,79,305,,387,38,,,4053,1.402,9.7,0.8,2.9,3.7,1.27
286,1987,Haitai Tigers,23.9,3.71,55,48,0.534,3.15,3.68,108,,,26,8,14,982,864,401,344,52,372,,494,32,,,4050,1.259,7.9,0.5,3.4,4.5,1.33
287,1987,Lotte Giants,27,3.74,54,49,0.524,3.36,3.73,108,,,51,12,9,975.2,971,404,364,40,331,,504,34,,,4097,1.334,9,0.4,3.1,4.6,1.52
288,1987,OB Bears,28.2,3.75,55,52,0.514,3.26,3.79,108,,,38,8,21,960.2,906,405,348,38,407,,383,32,,,4064,1.367,8.5,0.4,3.8,3.6,0.94
289,1987,MBC Blue Dragons,26.8,3.77,50,51,0.495,3.36,3.77,108,,,20,4,26,971.5,966,407,363,48,335,,372,50,,,4118,1.339,8.9,0.4,3.1,3.4,1.11
290,1987,Samsung Lions,27.7,3.95,64,44,0.593,3.58,4.01,108,,,26,8,30,959.1,926,427,381,62,416,,360,45,,,4078,1.399,8.7,0.6,3.9,3.4,0.87
291,1987,Binggre Eagles,26.3,4.2,47,57,0.452,3.78,4.28,108,,,51,6,7,955.1,970,454,401,75,281,,364,37,,,4020,1.309,9.1,0.7,2.6,3.4,1.3
292,1987,Chungbo Pintos,26.6,4.85,41,65,0.387,4.36,4.93,108,,,42,5,9,956.1,1063,524,463,69,327,,328,36,,,4140,1.454,10,0.6,3.1,3.1,1
293,1986,OB Bears,27,3.16,56,48,0.538,2.61,3.15,108,,,30,12,19,975.2,820,341,283,43,390,,394,29,,,4003,1.24,7.6,0.4,3.6,3.6,1.01
294,1986,Lotte Giants,27.3,3.33,50,52,0.49,2.74,3.29,108,,,33,6,11,983.2,896,360,299,48,325,,520,49,,,4097,1.241,8.2,0.4,3,4.8,1.6
295,1986,MBC Blue Dragons,25.9,3.34,59,41,0.59,2.78,3.3,108,,,11,3,30,984.5,880,361,304,45,341,,415,32,,,4038,1.24,8,0.4,3.1,3.8,1.22
296,1986,Samsung Lions,28.2,3.42,70,37,0.654,2.95,3.44,108,,,34,7,33,966.2,848,369,317,62,385,,388,29,,,4012,1.276,7.9,0.6,3.6,3.6,1.01
297,1986,Haitai Tigers,24.2,3.44,67,37,0.644,2.86,3.41,108,,,28,11,23,982.8,857,372,312,41,334,,533,34,,,4058,1.212,7.8,0.4,3.1,4.9,1.6
298,1986,Binggre Eagles,26.3,4.32,31,76,0.29,3.65,4.4,108,,,42,8,3,955.9,932,467,388,90,284,,407,47,,,3993,1.272,8.8,0.8,2.7,3.8,1.43
299,1986,Chungbo Pintos,26.7,4.69,32,74,0.302,3.99,4.73,108,,,24,6,10,962.2,1001,506,427,68,356,,408,57,,,4163,1.41,9.4,0.6,3.3,3.8,1.15
300,1985,Samsung Lions,29.3,3.45,77,32,0.706,2.97,3.41,110,,,27,5,41,1001.5,871,379,331,62,368,,496,34,,,4121,1.237,7.8,0.6,3.3,4.5,1.35
301,1985,MBC Blue Dragons,26.3,3.71,44,65,0.404,3.24,3.74,110,,,28,4,13,981.9,902,408,354,63,385,,353,44,,,4124,1.311,8.3,0.6,3.5,3.2,0.92
302,1985,OB Bears,26.7,3.78,51,57,0.472,3.14,3.77,110,,,25,3,13,993,882,416,346,64,386,,433,40,,,4112,1.277,8,0.6,3.5,3.9,1.12
303,1985,Lotte Giants,27.1,3.82,59,51,0.536,3.05,3.81,110,,,32,11,15,992.1,936,420,336,60,324,,513,44,,,4131,1.27,8.5,0.5,2.9,4.7,1.58
304,1985,Haitai Tigers,24.4,4.23,57,52,0.523,3.64,4.23,110,,,11,2,20,988.8,979,465,400,83,296,,450,51,,,4146,1.29,8.9,0.8,2.7,4.1,1.52
305,1985,Chungbo Pintos,28.7,5.52,39,70,0.358,4.88,5.58,110,,,38,3,15,978.1,1130,607,530,118,399,,394,60,,,4359,1.563,10.4,1.1,3.7,3.6,0.99
306,1984,OB Bears,24.7,2.98,58,41,0.586,2.54,3.03,100,,,13,2,31,885.1,720,298,250,51,331,,445,44,,,3601,1.187,7.3,0.5,3.4,4.5,1.34
307,1984,MBC Blue Dragons,26,3.74,51,48,0.515,3.19,3.75,100,,,39,6,10,897.1,876,374,318,59,275,,356,43,,,3741,1.283,8.8,0.6,2.8,3.6,1.29
308,1984,Samsung Lions,28.3,3.79,55,45,0.55,3.35,3.85,100,,,30,6,13,886.2,806,379,330,48,380,,476,44,,,3740,1.338,8.2,0.5,3.9,4.8,1.25
309,1984,Lotte Giants,26.1,3.9,50,48,0.51,3.31,3.99,100,,,26,1,11,880.2,865,390,324,75,300,,454,40,,,3723,1.323,8.8,0.8,3.1,4.6,1.51
310,1984,Haitai Tigers,25.2,3.98,43,54,0.443,3.17,4,100,,,26,6,12,896.1,833,398,316,67,279,,459,40,,,3749,1.241,8.4,0.7,2.8,4.6,1.65
311,1984,Sammi Superstars,27.2,4.61,38,59,0.392,4.05,4.61,100,,,24,2,18,899.1,895,461,405,83,372,,461,50,,,3845,1.409,9,0.8,3.7,4.6,1.24
312,1983,MBC Blue Dragons,26.1,3.35,55,43,0.561,2.72,3.32,100,,,31,6,17,908.2,787,335,275,45,298,,367,44,,,3725,1.194,7.8,0.4,3,3.6,1.23
313,1983,Sammi Superstars,28.6,3.72,52,47,0.525,3.05,3.68,100,,,56,7,8,909,848,372,308,66,263,,392,36,,,3713,1.222,8.4,0.7,2.6,3.9,1.49
314,1983,Haitai Tigers,25.3,3.9,55,44,0.556,3.16,3.97,100,,,27,10,14,883.5,803,390,310,56,286,,456,45,,,3707,1.232,8.2,0.6,2.9,4.6,1.59
315,1983,Samsung Lions,26.1,4.18,46,50,0.479,3.42,4.18,100,,,34,7,12,899.2,833,418,342,65,335,,399,58,,,3785,1.299,8.3,0.7,3.4,4,1.19
316,1983,OB Bears,26.9,4.32,44,55,0.444,3.54,4.36,100,,,27,8,18,892.2,897,432,351,81,315,,329,62,,,3789,1.358,9,0.8,3.2,3.3,1.04
317,1983,Lotte Giants,26.4,4.64,43,56,0.434,3.79,4.65,100,,,29,4,7,897.8,935,464,378,90,260,,415,47,,,3827,1.331,9.4,0.9,2.6,4.2,1.6
318,1982,Samsung Lions,27.2,3.21,53,26,0.671,2.7,3.28,80,,,23,8,17,704.1,618,257,211,57,187,,305,30,,,2830,1.143,7.9,0.7,2.4,3.9,1.63
319,1982,OB Bears,26.5,3.98,56,24,0.7,3.19,3.95,80,,,32,4,10,725.1,625,318,257,41,289,,318,33,,,3020,1.26,7.8,0.5,3.6,3.9,1.1
320,1982,MBC Blue Dragons,25.9,4.38,46,33,0.582,3.51,4.45,80,,,19,8,15,708.1,660,350,276,52,259,,394,47,,,2994,1.298,8.4,0.7,3.3,5,1.52
321,1982,Lotte Giants,26.3,4.81,31,49,0.388,3.95,4.86,80,,,26,4,4,713.2,763,385,313,69,261,,363,29,,,3080,1.435,9.6,0.9,3.3,4.6,1.39
322,1982,Haitai Tigers,23.5,4.85,38,42,0.475,3.76,4.93,80,,,24,2,3,707.9,698,388,296,50,295,,348,39,,,3067,1.403,8.9,0.6,3.8,4.4,1.18
323,1982,Sammi Superstars,24.3,7.18,15,65,0.188,6.23,7.47,80,,,7,0,5,692,883,574,479,93,313,,175,50,,,3217,1.728,11.5,1.2,4.1,2.3,0.56